{"mean": [3.2960118654720634, 87.37345950709653, 83181.5, 0.0, 3.0, 1.0], "scale": [0.024601463088285147, 0.027060127584555005, 623.5, 1.0, 1.0, 1.0]}