{"mean": [3.263362850484943, 87.41212649005094, 81776.0, 0.0, 3.0, 1.0], "scale": [0.02506377216664224, 0.026622339364010372, 620.0, 1.0, 1.0, 1.0]}